Metric,N,Correlation,F,p
1,68722,0.20665944,3065.838517,0
2,68722,0.056503271,220.0995133,1.02741E-49
3,68722,0.05585712,215.0786754,1.26916E-48
4,68722,0.414840169,14284.4285,0
5,68722,0.583967844,35562.12929,0
6,68722,0.500828003,23008.01856,0
7,68722,0.250997768,4620.438821,0
8,68722,0.821931734,143098.8084,0
9,68722,0.184890123,2432.295523,0
10,68722,0.117358722,959.7034106,2.8724E-209
11,68722,0.269741221,5392.445729,0
12,68722,0.384429229,11917.00721,0
13,68722,0.386003776,12031.95343,0
14,68722,0.995305501,7267704.894,0
15,68722,0.053242997,195.3624256,2.4701E-44
16,68722,0.609293729,40574.28412,0
17,68722,0.981269043,1783018.781,0
18,68722,0.633081212,45964.68297,0
19,68722,0.433991164,15946.86212,0
20,68722,0.829690098,151809.0026,0
21,68722,0.416971338,14462.54045,0
22,68722,0.828845952,150822.624,0
23,68722,0.307410635,7171.881316,0
24,68722,0.621274932,43198.64184,0
25,68722,0.169788585,2039.877324,0
26,68722,0.498615253,22738.03885,0
27,68722,0.731428488,79061.01598,0
28,68722,0.247467018,4482.942728,0
29,68722,0.305530581,7075.421993,0
30,68722,0.43017427,15604.1816,0
31,68722,0.77257803,101748.9832,0
32,68722,0.596840151,38024.236,0
33,68722,0.235446858,4033.08338,0
34,68722,0.467832972,19254.85277,0
35,68722,0.110920282,856.0152053,5.0668E-187
36,68722,0.453713355,17813.40381,0
37,68722,0.630392352,45318.12612,0
38,68722,0.114337275,910.2774813,1.1434E-198
39,68722,0.287796615,6205.877551,0
40,68722,0.287579323,6195.665412,0
41,68722,0.975441917,1347805.602,0
42,68722,0.683188802,60149.39618,0
43,68722,0.303234635,6958.755737,0
44,68722,0.664901368,54454.83405,0
45,68722,0.713942218,71442.94283,0
46,68722,0.407222998,13661.34551,0
47,68722,0.033267445,76.13826046,2.70264E-18
48,68722,0.091255356,577.0741556,5.4393E-127
49,68722,0.147374603,1525.685254,0
50,68722,0.343028286,9164.550883,0
51,68722,0.290486,6333.143041,0
52,68722,0.039054431,104.9751965,1.28826E-24
53,68722,0.929106124,433759.4586,0
54,68722,0.026709829,49.06087865,2.5041E-12
55,68722,0.417556657,14511.75251,0
56,68722,0.354179677,9856.947137,0
57,68722,0.110378786,847.5749057,3.2901E-185
58,68722,0.923070283,395788.7056,0
59,68722,0.630494066,45342.40145,0
60,68722,0.612428661,41244.11625,0
61,68722,0.857128505,190277.5203,0
62,68722,0.810559083,131633.3745,0
63,68722,0.321669946,7931.22096,0
64,68722,0.204227989,2990.999187,0
65,68722,0.749063385,87851.8083,0
66,68722,0.950190143,638722.0985,0
67,68722,0.005457345,2.046722224,0.152538825
68,68722,0.730647181,78698.87302,0
69,68722,0.509272169,24064.38601,0
70,68722,0.208092032,3110.422043,0
71,68722,0.735842265,81148.22357,0
72,68722,0.424657557,15119.03128,0
73,68722,0.56344356,31964.01911,0
74,68722,0.470095006,19494.45114,0
75,68722,0.501717313,23117.31237,0
76,68722,0.197334804,2784.456831,0
77,68722,0.007664319,4.036972426,0.044517515
78,68722,0.699352463,65786.11689,0
79,68722,0.336385273,8768.178925,0
80,68722,0.540716022,28393.42176,0
81,68722,0.410070721,13891.8418,0
82,68722,0.297635452,6679.395909,0
83,68722,0.544516666,28962.79123,0
84,68722,0.138206035,1338.174761,3.586E-290
85,68722,0.23729067,4100.281541,0
86,68722,0.400119337,13098.82425,0
87,68722,0.895046093,276793.2954,0
88,68722,0.762707843,95573.14007,0
89,68722,0.957462429,756589.8513,0
90,68722,0.62168004,43290.49709,0
91,68722,0.105999176,780.8999705,6.974E-171
92,68722,0.565574275,32320.14013,0
93,68722,0.868902477,211760.0811,0
94,68722,0.466182831,19081.61079,0
95,68722,0.168824434,2016.098315,0
96,68722,0.269505286,5382.278107,0
97,68722,0.482465267,20849.2881,0
98,68722,0.346254612,9361.349103,0
99,68722,0.622321008,43436.26302,0
100,68722,0.878152702,231566.8728,0
101,68722,0.866744387,207536.678,0
102,68722,0.170472437,2056.835105,0
103,68722,0.164171616,1903.466224,0
104,68722,0.060038842,248.6085598,6.54617E-56
105,68722,0.253488493,4718.921928,0
106,68722,0.705635492,68151.01286,0
107,68722,0.064240416,284.7710311,9.21732E-64
108,68722,0.580978298,35013.90475,0
109,68722,0.469474734,19428.50591,0
110,68722,0.043161998,128.2614229,1.04549E-29
111,68722,0.321332188,7912.657137,0
112,68722,0.479872012,20558.8876,0
113,68722,0.30528569,7062.918959,0
114,68722,0.833373129,156230.6492,0
115,68722,0.833826359,156788.4423,0
116,68722,0.402959106,13321.5883,0
117,68722,0.90964643,329556.6695,0
118,68722,0.637546364,47060.94366,0
119,68722,0.629578078,45124.30142,0
120,68722,0.947390125,602033.4561,0
121,68722,0.624557916,43949.14547,0
122,68722,0.830095626,152286.3784,0
123,68722,0.368985735,10830.89149,0
124,68722,0.888993213,259000.208,0
125,68722,0.004563016,1.430856736,0.231628797
126,68722,0.304173705,7006.323886,0
127,68722,0.505952251,23644.062,0
128,68722,0.697301511,65036.19327,0
129,68722,0.159593462,1796.048915,0
130,68722,0.668562411,55542.17017,0
131,68722,0.936339858,488765.9959,0
132,68722,0.100682217,703.7421471,2.7627E-154
133,68722,0.37817839,11468.46577,0
134,68722,0.581682007,35142.17939,0
135,68722,0.317606448,7709.765083,0
136,68722,0.400300782,13112.97443,0
137,68722,0.61870544,42620.89686,0
138,68722,0.982771134,1942936.754,0
139,68722,0.275515591,5644.957736,0
140,68722,0.988950789,3058279.723,0
141,68722,0.232650992,3932.420062,0
142,68722,0.219242028,3469.959614,0
143,68722,0.84271104,168377.881,0
144,68722,0.343541205,9195.648449,0
145,68722,0.921580417,387316.9796,0
146,68722,0.530356964,26894.22728,0
147,68722,0.563388146,31954.80887,0
148,68722,0.900678982,295306.6798,0
149,68722,0.639296503,47498.50541,0
150,68722,0.718818366,73469.07044,0
151,68722,0.660952406,53309.63031,0
152,68722,0.644496986,48825.70953,0
153,68722,0.012332305,10.45292186,0.001225134
154,68722,0.936791404,492617.6319,0
155,68722,0.210139768,3174.78168,0
156,68722,0.466606255,19125.94105,0
157,68722,0.334709268,8670.027519,0
158,68722,0.391940662,12472.60336,0
159,68722,0.206336261,3055.831058,0
160,68722,0.928988915,432960.5572,0
161,68722,0.630166664,45264.31362,0
162,68722,0.034047449,79.75465568,4.34077E-19
163,68722,0.433964255,15944.42587,0
164,68722,0.237051567,4091.530794,0
165,68722,0.353850801,9836.03125,0
166,68722,0.256258399,4829.901944,0
167,68722,0.944701226,570300.4588,0
168,68722,0.274321518,5592.160634,0
169,68722,0.308910712,7249.447427,0
170,68722,0.803936661,125576.7207,0
171,68722,0.946395969,589929.7051,0
172,68722,0.425593563,15200.51239,0
173,68722,0.580590704,34943.45405,0
174,68722,0.373269953,11124.81456,0
175,68722,0.437047544,16225.48411,0
176,68722,0.339151887,8931.823539,0
177,68722,0.833981218,156979.7319,0
178,68722,0.94635559,589447.5887,0
179,68722,0.836285469,159869.2088,0
180,68722,0.249527938,4562.900569,0
181,68722,0.612499707,41259.43165,0
182,68722,0.917730668,366849.6063,0
183,68722,0.654082582,51382.9104,0
184,68722,0.369453697,10862.72656,0
185,68722,0.841499589,166720.4791,0
186,68722,0.131620165,1211.483779,3.8488E-263
187,68722,0.594609162,37585.31206,0
188,68722,0.363084526,10435.03825,0
189,68722,0.804716066,126267.9401,0
190,68722,0.986245476,2446666.16,0
191,68722,0.481713366,20764.73235,0
192,68722,0.819265149,140279.4996,0
193,68722,0.464911877,18949.05789,0
194,68722,0.593094113,37290.22222,0
195,68722,0.890120616,262165.2566,0
196,68722,0.547706658,29448.98604,0
197,68722,0.269564992,5384.850053,0
198,68722,0.360165175,10242.99738,0
199,68722,0.521232103,25634.5064,0
200,68722,0.546522542,29267.6163,0
201,68722,0.75325746,90132.26959,0
202,68722,0.209226202,3145.976492,0
203,68722,0.020060603,27.66597231,1.44607E-07
204,68722,0.883827474,245286.466,0
205,68722,0.709130539,69512.38152,0
206,68722,0.527594157,26506.95594,0
207,68722,0.783902563,109543.4905,0
208,68722,0.675377677,57634.88751,0
209,68722,0.394280515,12649.46266,0
210,68722,0.448273159,17282.00107,0
211,68722,0.14475167,1470.709147,0
212,68722,0.56611567,32411.24422,0
213,68722,0.999104878,38334310.09,0
214,68722,0.309608924,7285.733731,0
215,68722,0.888060568,256430.2771,0
216,68722,0.719174859,73620.04971,0
217,68722,0.35253894,9752.90308,0
218,68722,0.487140048,21381.59818,0
219,68722,0.48639953,21296.51166,0
220,68722,0.375439161,11275.76864,0
221,68722,0.630973677,45457.05936,0
222,68722,0.41934255,14662.69461,0
223,68722,0.646193322,49267.57879,0
224,68722,0.74565326,86054.35085,0
225,68722,0.589448402,36589.84402,0
226,68722,0.101347253,713.1665073,2.5876E-156
227,68722,0.787746051,112381.2903,0
228,68722,0.611507443,41046.07429,0
229,68722,0.715374642,72030.70386,0
230,68722,0.784833536,110221.4078,0
231,68722,0.129945995,1180.334371,1.7346E-256
232,68722,0.878545342,232474.6775,0
233,68722,0.205384901,3026.478659,0
234,68722,0.633353809,46030.7952,0
235,68722,0.597954723,38245.49784,0
236,68722,0.833273316,156108.2189,0
237,68722,0.883708871,244985.9689,0
238,68722,0.046605137,149.5874128,2.31694E-34
239,68722,0.319181181,7795.100278,0
240,68722,0.108597568,820.1166193,2.6017E-179
241,68722,0.433625814,15913.80905,0
242,68722,0.4863357,21289.19107,0
243,68722,0.954244693,699813.3856,0
244,68722,0.675097334,57546.99017,0
245,68722,0.48022377,20598.07655,0
246,68722,0.723418742,75448.2382,0
247,68722,0.732812845,79708.02746,0
248,68722,0.53634291,27751.28989,0
249,68722,0.320776963,7882.202708,0
250,68722,0.014502451,14.45630603,0.000143573
251,68722,0.303992876,6997.148009,0
252,68722,0.060661854,253.8140172,4.84513E-57
253,68722,0.273419896,5552.495892,0
254,68722,0.956329084,735637.1695,0
255,68722,0.141421391,1402.449674,0
256,68722,0.559446777,31306.30149,0
257,68722,0.99598654,8509686.956,0
258,68722,0.501424165,23081.23509,0
259,68722,0.643400738,48542.5227,0
260,68722,0.449591132,17409.55525,0
261,68722,0.935539137,482068.7698,0
262,68722,0.379816513,11584.8202,0
263,68722,0.440047592,16502.68029,0
264,68722,0.261428618,5041.203736,0
265,68722,0.414903352,14289.68487,0
266,68722,0.743553762,84972.07525,0
267,68722,0.591227549,36929.93704,0
268,68722,0.787111037,111905.2529,0
269,68722,0.67537513,57634.08821,0
270,68722,0.768012396,98825.6152,0
271,68722,0.195716042,2737.149617,0
272,68722,0.244784539,4380.120522,0
273,68722,0.732944217,79769.78568,0
274,68722,0.165997686,1947.252516,0
275,68722,0.89728517,283908.4826,0
276,68722,0.553790058,30397.78081,0
277,68722,0.007703375,4.07822295,0.043443195
278,68722,0.736333557,81384.99046,0
279,68722,0.116702727,948.8568417,6.0775E-207
280,68722,0.73476842,80633.84589,0
281,68722,0.212196719,3240.18337,0
282,68722,0.072309145,361.1988197,2.48364E-80
283,68722,0.858482279,192564.6517,0
284,68722,0.313531424,7491.765444,0
285,68722,0.569978285,33068.59472,0
286,68722,0.94408949,563507.5873,0
287,68722,0.488887959,21583.59102,0
288,68722,0.931935793,453882.7321,0
289,68722,0.585847666,35911.28778,0
290,68722,0.365578544,10601.07729,0
291,68722,0.359022724,10168.51828,0
292,68722,0.140373727,1381.331549,2.282E-299
293,68722,0.574432039,33842.90353,0
294,68722,0.049114742,166.1712084,5.61755E-38
295,68722,0.57385144,33740.95277,0
296,68722,0.165209276,1928.281606,0
297,68722,0.300370455,6814.944763,0
298,68722,0.574485179,33852.25014,0
299,68722,0.218989141,3461.556315,0
300,68722,0.065751884,298.3879044,1.02376E-66
301,68722,0.612901839,41346.23367,0
302,68722,0.110864674,855.1464497,7.7854E-187
303,68722,0.002528377,0.439308323,0.507458711
304,68722,0.906957785,318592.9599,0
305,68722,0.504579628,23472.18592,0
306,68722,0.410579425,13933.32212,0
307,68722,0.647432503,49593.21301,0
308,68722,0.338007108,8863.863712,0
309,68722,0.493773072,22156.85346,0
310,68722,0.314312822,7533.253355,0
311,68722,0.941788416,539235.5538,0
312,68722,0.937717691,500693.7404,0
313,68722,0.448881474,17340.7807,0
314,68722,0.843870866,169988.9467,0
315,68722,0.123299623,1060.864323,6.1418E-231
316,68722,0.518089642,25213.27682,0
317,68722,0.305079177,7052.386387,0
318,68722,0.227976936,3767.423936,0
319,68722,0.596790414,38014.39314,0
320,68722,0.569457437,32979.19531,0
321,68722,0.512851573,24524.994,0
322,68722,0.344830303,9274.11996,0
323,68722,0.042234482,122.7984418,1.63198E-28
324,68722,0.229013488,3803.661362,0
325,68722,0.549145561,29670.81864,0
326,68722,0.675736828,57747.72589,0
327,68722,0.458869848,18329.21693,0
328,68722,0.43703127,16223.99054,0
329,68722,0.231827505,3903.052781,0
330,68722,0.078528638,426.408406,1.90562E-94
331,68722,0.664339941,54290.29171,0
332,68722,0.673894426,57171.63249,0
333,68722,0.688404227,61901.64913,0
334,68722,0.482251174,20825.18236,0
335,68722,0.185088606,2437.705895,0
336,68722,0.510181688,24180.68875,0
337,68722,0.76418671,96464.8933,0
338,68722,0.070945161,347.6323014,2.15839E-77
339,68722,0.203129404,2957.526182,0
340,68722,0.671235773,56352.22382,0
341,68722,0.887461177,254801.2063,0
342,68722,0.332784814,8558.234708,0
343,68722,0.430532622,15636.108,0
344,68722,0.808899731,130075.8707,0
345,68722,0.594226035,37510.46307,0
346,68722,0.816718573,137664.4809,0
347,68722,0.866564302,207190.4587,0
348,68722,0.50900075,24029.77533,0
349,68722,0.584038196,35575.13441,0
350,68722,0.64015524,47714.85638,0
351,68722,0.106691876,791.2575187,4.1399E-173
352,68722,0.508430463,23957.19805,0
353,68722,0.722144654,74893.33437,0
354,68722,0.929450203,436120.0552,0
355,68722,0.430963709,15674.58192,0
356,68722,0.354470735,9875.483323,0
357,68722,0.120990942,1020.923998,2.1878E-222
358,68722,0.222149412,3567.409789,0
359,68722,0.182671172,2372.260363,0
360,68722,0.77790154,105312.3152,0
361,68722,0.687494123,61591.48472,0
362,68722,0.557884775,31052.84293,0
363,68722,0.232806854,3937.992828,0
364,68722,0.626091194,44304.49091,0
365,68722,0.409703725,13861.97421,0
366,68722,0.53684168,27823.83594,0
367,68722,0.423812149,15045.7265,0
368,68722,0.284800629,6065.996776,0
369,68722,0.623809075,43776.72295,0
370,68722,0.681595997,59626.18591,0
371,68722,0.453716477,17813.71246,0
372,68722,0.639014331,47427.65323,0
373,68722,0.745916556,86191.37167,0
374,68722,0.369569735,10870.63076,0
375,68722,0.856070798,188520.7079,0
376,68722,0.169603927,2035.311351,0
377,68722,0.802538779,124350.8535,0
378,68722,0.623958866,43811.15395,0
379,68722,0.307478638,7175.386069,0
380,68722,0.506422139,23703.15504,0
381,68722,0.395421368,12736.35794,0
382,68722,0.892490187,269034.7046,0
383,68722,0.80594903,127372.8885,0
384,68722,0.191009394,2602.15966,0
385,68722,0.707993469,69065.7741,0
386,68722,0.920019706,378781.4712,0
387,68722,0.976412565,1405372.82,0
388,68722,0.529913069,26831.65612,0
389,68722,0.033420366,76.84062735,1.89452E-18
390,68722,0.850467928,179631.7566,0
391,68722,0.430200082,15606.47957,0
392,68722,0.473584739,19868.95204,0
393,68722,0.674209752,57269.74676,0
394,68722,0.046944721,151.7801021,7.70385E-35
395,68722,0.910875777,334790.5923,0
396,68722,0.310224027,7317.797572,0
397,68722,0.24765301,4490.124342,0
398,68722,0.457858521,18227.10677,0
399,68722,0.061959405,264.8305506,1.96321E-59
400,68722,0.28637263,6139.144793,0
401,68722,0.805745152,127189.198,0
402,68722,0.306414737,7120.680867,0
403,68722,0.548625491,29590.45768,0
404,68722,0.052488679,189.8508697,3.91131E-43
405,68722,0.533364207,27321.68728,0
406,68722,0.430870033,15666.21527,0
407,68722,0.62891283,44966.62342,0
408,68722,0.28939796,6281.460785,0
409,68722,0.289244859,6274.209703,0
410,68722,0.134085545,1258.132171,4.2317E-273
411,68722,0.445368215,17003.50031,0
412,68722,0.452799611,17723.24045,0
413,68722,0.657762392,52404.81757,0
414,68722,0.781425863,107768.5865,0
415,68722,0.009432347,6.114505138,0.013410096
416,68722,0.557503551,30991.28547,0
417,68722,0.323496301,8032.095816,0
418,68722,0.911842439,339008.8912,0
419,68722,0.127912892,1143.079293,1.5899E-248
420,68722,0.434896093,16028.96201,0
421,68722,0.01402074,13.51171363,0.000237259
422,68722,0.925478063,410197.2059,0
423,68722,0.498885853,22770.90567,0
424,68722,0.778837158,105956.6263,0
425,68722,0.632056619,45717.12399,0
426,68722,0.713172735,71129.70854,0
427,68722,0.40126858,13188.64042,0
428,68722,0.547300529,29386.65978,0
429,68722,0.427337796,15353.25542,0
430,68722,0.230622876,3860.323199,0
431,68722,0.395831404,12767.69597,0
432,68722,0.382298438,11762.71792,0
433,68722,0.196810326,2769.079778,0
434,68722,0.686277162,61179.67278,0
435,68722,0.935716447,483537.3887,0
436,68722,0.148277038,1544.848584,0
437,68722,0.006664587,3.052452694,0.080619781
438,68722,0.757043791,92260.23712,0
439,68722,0.279685202,5831.719743,0
440,68722,0.589319273,36565.28549,0
441,68722,0.675422972,57649.10382,0
442,68722,0.387877166,12169.75868,0
443,68722,0.227124735,3737.781401,0
444,68722,0.716687144,72574.64868,0
445,68722,0.805006352,126526.8121,0
446,68722,0.935752648,483838.2395,0
447,68722,0.300036799,6798.315948,0
448,68722,0.218013999,3429.261892,0
449,68722,0.584691701,35696.16966,0
450,68722,0.821614883,142759.3503,0
451,68722,0.057873928,230.9437053,4.51173E-52
452,68722,0.725381921,76313.6522,0
453,68722,0.450327474,17481.14732,0
454,68722,0.845039062,171636.2107,0
455,68722,0.179888535,2298.138795,0
456,68722,0.647224074,49538.27226,0
457,68722,0.617648823,42385.73423,0
458,68722,0.97746676,1473514.152,0
459,68722,0.921955621,389419.9504,0
460,68722,0.612651493,41292.17265,0
461,68722,0.58616472,35970.51907,0
462,68722,0.654172805,51407.6916,0
463,68722,0.212342787,3244.856463,0
464,68722,0.421393801,14837.54114,0
465,68722,0.260298525,4994.553321,0
466,68722,0.13425201,1261.315388,8.8551E-274
467,68722,0.765691388,97384.00355,0
468,68722,0.305475287,7072.597696,0
469,68722,0.657820554,52421.15554,0
470,68722,0.099790165,691.2020972,1.3831E-151
471,68722,0.167290138,1978.569474,0
472,68722,0.235631785,4039.793863,0
473,68722,0.196712339,2766.212183,0
474,68722,0.955303127,717586.5925,0
475,68722,0.078181023,422.6185169,1.25853E-93
476,68722,0.626132228,44314.04357,0
477,68722,0.107471298,802.996157,1.2418E-175
478,68722,0.546483332,29261.62873,0
479,68722,0.408063989,13729.1149,0
480,68722,0.805275032,126767.1139,0
481,68722,0.215387889,3343.149498,0
482,68722,0.131457624,1208.440857,1.7187E-262
483,68722,0.004387606,1.322960042,0.250065508
484,68722,0.678292142,58558.16938,0
485,68722,0.277780866,5745.957863,0
486,68722,0.266483596,5253.088411,0
487,68722,0.972223695,1185727.547,0
488,68722,0.050783207,177.6825814,1.74493E-40
489,68722,0.642030919,48191.24978,0
490,68722,0.043302925,129.1019319,6.85095E-30
491,68722,0.47108531,19600.12254,0
492,68722,0.257934484,4897.807304,0
493,68722,0.699590586,65873.87467,0
494,68722,0.468073066,19280.16751,0
495,68722,0.265246404,5200.742237,0
496,68722,0.240187371,4207.166253,0
497,68722,0.741453676,83907.52322,0
498,68722,0.694347045,63974.27393,0
499,68722,0.792519618,116054.5677,0
500,68722,0.941889102,540257.3479,0
501,68722,0.270149308,5410.05983,0
502,68722,0.609288442,40573.16439,0
503,68722,0.27580567,5657.829843,0
504,68722,0.307104877,7156.136839,0
505,68722,0.876463982,227728.5418,0
506,68722,0.289150602,6269.74815,0
507,68722,0.430700606,15651.09166,0
508,68722,0.325568818,8147.583769,0
509,68722,0.834146793,157184.6588,0
510,68722,0.987964806,2803524.194,0
511,68722,0.504629341,23478.39161,0
512,68722,0.133447324,1245.967112,1.6708E-270
513,68722,0.430025221,15590.91739,0
514,68722,0.73486008,80677.5847,0
515,68722,0.500231493,22934.96315,0
516,68722,0.97886061,1574045.175,0
517,68722,0.125039207,1091.488897,1.7168E-237
518,68722,0.557505529,30991.60459,0
519,68722,0.71110373,70296.02884,0
520,68722,0.045886353,144.9992053,2.32147E-33
521,68722,0.373182948,11118.79,0
522,68722,0.386923411,12099.45908,0
523,68722,0.461387394,18585.43497,0
524,68722,0.880285433,236569.8526,0
525,68722,0.214516319,3314.845589,0
526,68722,0.775057391,103387.1941,0
527,68722,0.11463216,915.0415057,1.0868E-199
528,68722,0.502682032,23236.38862,0
529,68722,0.721439816,74588.60453,0
530,68722,0.3075659,7179.884911,0
531,68722,0.571939953,33407.4537,0
532,68722,0.484088417,21032.81872,0
533,68722,0.548514274,29573.29947,0
534,68722,0.977234433,1457954.722,0
535,68722,0.692210888,63219.67595,0
536,68722,0.935399957,480921.6305,0
537,68722,0.578563482,34577.29135,0
538,68722,0.32364806,8040.515594,0
539,68722,0.204967347,3013.646212,0
540,68722,0.31944079,7809.227445,0
541,68722,0.307977483,7201.128965,0
542,68722,0.654947169,51620.94604,0
543,68722,0.869184889,212323.1311,0
544,68722,0.973123547,1227136.507,0
545,68722,0.995272538,7216670.82,0
546,68722,0.327941632,8281.142899,0
547,68722,0.455503293,17991.10102,0
548,68722,0.974434522,1292682.361,0
549,68722,0.627581146,44652.79168,0
550,68722,0.929862388,438978.4434,0
551,68722,0.660150616,53080.52841,0
552,68722,0.16157024,1842.017412,0
553,68722,0.687683291,61655.79828,0
554,68722,0.901496618,298170.4859,0
555,68722,0.745415482,85930.85916,0
556,68722,0.179515044,2288.288309,0
557,68722,0.980994863,1756557.081,0
558,68722,0.722149921,74895.61755,0
559,68722,0.173622312,2135.931293,0
560,68722,0.378990631,11526.05349,0
561,68722,0.296927076,6644.569115,0
562,68722,0.879937949,235742.5474,0
563,68722,0.767651659,98599.62789,0
564,68722,0.386859255,12094.74087,0
565,68722,0.643201035,48491.13336,0
566,68722,0.240835072,4231.286349,0
567,68722,0.258677948,4928.110325,0
568,68722,0.11543138,928.0182982,1.7887E-202
569,68722,0.332132953,8520.586663,0
570,68722,0.978898577,1576969.41,0
571,68722,0.148242675,1544.116547,0
572,68722,0.496842354,22523.72579,0
573,68722,0.602458435,39153.26753,0
574,68722,0.584440942,35649.6776,0
575,68722,0.80438334,125972.1775,0
576,68722,0.965326152,939711.661,0
577,68722,0.88328033,243905.3065,0
578,68722,0.707966708,69055.30629,0
579,68722,0.272430702,5509.177251,0
580,68722,0.827467875,149233.2891,0
581,68722,0.763470022,96031.31056,0
582,68722,0.518693578,25293.74169,0
583,68722,0.334428151,8653.636872,0
584,68722,0.007356285,3.718979564,0.053801354
585,68722,0.930135627,440891.8998,0
586,68722,0.317681818,7713.835454,0
587,68722,0.068077567,319.969545,2.13696E-71
588,68722,0.059652617,245.4089049,3.24396E-55
589,68722,0.378527232,11493.17332,0
590,68722,0.349972734,9591.687047,0
591,68722,0.076547704,405.0417065,7.99649E-90
592,68722,0.386312588,12054.59125,0
593,68722,0.430038768,15592.12258,0
594,68722,0.055790122,214.5614196,1.64438E-48
595,68722,0.000736315,0.037257233,0.846942835
596,68722,0.374585966,11216.2228,0
597,68722,0.344002667,9223.687209,0
598,68722,0.260224734,4991.516284,0
599,68722,0.173963009,2144.584001,0
600,68722,0.09773326,662.7292693,1.8723E-145
601,68722,0.492843996,22046.82698,0
602,68722,0.000154832,0.001647411,0.967624218
603,68722,0.859556477,194411.0285,0
604,68722,0.407985869,13722.80917,0
605,68722,0.077588392,416.197043,3.0839E-92
606,68722,0.135612982,1287.499592,2.2936E-279
607,68722,0.621680465,43290.59354,0
608,68722,0.691814134,63080.72076,0
609,68722,0.175806687,2191.739429,0
610,68722,0.734449335,80481.82645,0
611,68722,0.176833461,2218.244063,0
612,68722,0.493677587,22145.5237,0
613,68722,0.918801179,372345.869,0
614,68722,0.344764451,9270.1004,0
615,68722,0.596636065,37983.86495,0
616,68722,0.05192368,185.7746921,3.01781E-42
617,68722,0.116882273,951.8191627,1.4079E-207
618,68722,0.919443896,375716.0459,0
619,68722,0.102120505,724.2056659,1.0896E-158
620,68722,0.549115119,29666.10907,0
621,68722,0.267339907,5289.505708,0
622,68722,0.667211532,55138.03249,0
623,68722,0.176464846,2208.708765,0
624,68722,0.561546893,31650.24129,0
625,68722,0.389373449,12280.6439,0
626,68722,0.001474076,0.14932207,0.699185252
627,68722,0.00146248,0.146981972,0.701437526
628,68722,0.140952344,1392.973953,7.5585E-302
629,68722,0.703413188,67302.67446,0
630,68722,0.676040479,57843.3318,0
631,68722,0.917622425,366301.828,0
632,68722,0.059456275,243.7903536,7.28976E-55
633,68722,0.926875052,418992.6573,0
634,68722,0.119279567,991.8331374,3.7326E-216
635,68722,0.057495231,227.9212528,2.04787E-51
636,68722,0.213387635,3278.395299,0
637,68722,0.026155194,47.04313428,7.00263E-12
638,68722,0.788515961,112962.3484,0
639,68722,0.733436846,80001.92844,0
640,68722,0.029779538,60.99642346,5.79828E-15
641,68722,0.332420117,8537.15812,0
642,68722,0.165206843,1928.223217,0
643,68722,0.06204265,265.5453951,1.37328E-59
644,68722,0.601945,39048.65584,0
645,68722,0.505449894,23581.02967,0
646,68722,0.626985536,44513.20141,0
647,68722,0.111747921,868.9994326,8.2599E-190
648,68722,0.103000004,736.8679743,2.0555E-161
649,68722,0.379411632,11555.98363,0
650,68722,0.746434811,86461.927,0
651,68722,0.826711487,148371.7983,0
652,68722,0.928913369,432447.0342,0
653,68722,0.752331995,89622.26527,0
654,68722,0.016090853,17.79728538,2.46048E-05
655,68722,0.900887423,296032.2563,0
656,68722,0.048816361,164.1534962,1.54615E-37
657,68722,0.581878565,35178.09317,0
658,68722,0.591853485,37050.35585,0
659,68722,0.110562819,850.4385716,7.9843E-186
660,68722,0.225475044,3680.783069,0
661,68722,0.231330601,3885.393925,0
662,68722,0.542179199,28611.3593,0
663,68722,0.929583765,437042.6061,0
664,68722,0.466329136,19096.91848,0
665,68722,0.974795232,1311913.413,0
666,68722,0.261900818,5060.773657,0
667,68722,0.445776958,17042.46879,0
668,68722,0.641127458,47961.12515,0
669,68722,0.551671971,30064.16751,0
670,68722,0.29547164,6573.374382,0
671,68722,0.339334401,8942.69073,0
672,68722,0.627081698,44535.70639,0
673,68722,0.90919741,327680.3933,0
674,68722,0.786785988,111662.6949,0
675,68722,0.034295395,80.92186249,2.40619E-19
676,68722,0.667879769,55337.51518,0
677,68722,0.768764195,99298.89777,0
678,68722,0.851484328,181194.1383,0
679,68722,0.118664002,981.4766318,6.1846E-214
680,68722,0.685580795,60945.52143,0
681,68722,0.17853869,2262.64739,0
682,68722,0.787853279,112461.9594,0
683,68722,0.487079472,21374.62701,0
684,68722,0.216196026,3369.515996,0
685,68722,0.200490714,2877.990502,0
686,68722,0.169629513,2035.943683,0
687,68722,0.083656712,484.3226785,5.7483E-107
688,68722,0.087909612,535.2111904,5.877E-118
689,68722,0.798339171,120771.6159,0
690,68722,0.83879243,163107.5321,0
691,68722,0.30501216,7048.970526,0
692,68722,0.665284406,54567.42713,0
693,68722,0.588253512,36363.23238,0
694,68722,0.571977059,33413.8963,0
695,68722,0.842336071,167862.1368,0
696,68722,0.734447472,80480.93982,0
697,68722,0.819910132,140953.6853,0
698,68722,0.330553127,8429.801592,0
699,68722,0.193123783,2662.332265,0
700,68722,0.281277523,5904.032969,0
701,68722,0.210429606,3183.951499,0
702,68722,0.361040869,10300.34176,0
703,68722,0.19731916,2783.997476,0
704,68722,0.589238728,36549.97519,0
705,68722,0.766084629,97626.19777,0
706,68722,0.713799916,71384.88466,0
707,68722,0.426297704,15262.03228,0
708,68722,0.720151911,74035.87906,0
709,68722,0.418826995,14618.99799,0
710,68722,0.95779836,763016.6942,0
711,68722,0.564386994,32121.22584,0
712,68722,0.669032598,55683.64674,0
713,68722,0.214576745,3316.803479,0
714,68722,0.399138301,13022.51277,0
715,68722,0.048634821,162.9319515,2.85415E-37
716,68722,0.896327853,280828.654,0
717,68722,0.930211699,441427.2842,0
718,68722,0.653536839,51233.3035,0
719,68722,0.107695019,806.3820805,2.325E-176
720,68722,0.083962861,487.8992252,9.7002E-108
721,68722,0.231330293,3885.383015,0
722,68722,0.261263421,5034.368068,0
723,68722,0.06537023,294.9191717,5.79028E-66
724,68722,0.776929152,104648.5114,0
725,68722,0.681250326,59513.35955,0
726,68722,0.590903493,36867.75219,0
727,68722,0.487206834,21389.28626,0
728,68722,0.598121295,38278.67959,0
729,68722,0.268962328,5358.923701,0
730,68722,0.228550709,3787.458011,0
731,68722,0.370158502,10910.7983,0
732,68722,0.182438085,2366.001962,0
733,68722,0.307560105,7179.586125,0
734,68722,0.249091796,4545.909591,0
735,68722,0.416647021,14435.32749,0
736,68722,0.877694287,230514.4028,0
737,68722,0.859514763,194338.7979,0
738,68722,0.125398542,1097.871668,7.3995E-239
739,68722,0.625886013,44256.75873,0
740,68722,0.043233672,128.6885537,8.43396E-30
741,68722,0.857546633,190979.2572,0
742,68722,0.986872813,2566042.22,0
743,68722,0.652113673,50845.4948,0
744,68722,0.254440481,4756.890854,0
745,68722,0.183210051,2386.764166,0
746,68722,0.254267573,4749.981115,0
747,68722,0.499257886,22816.16021,0
748,68722,0.063719851,280.1557688,9.2513E-63
749,68722,0.331431833,8480.21687,0
750,68722,0.671918325,56561.26192,0
751,68722,0.31685833,7669.438604,0
752,68722,0.19218709,2635.580998,0
753,68722,0.78772806,112367.7634,0
754,68722,0.753844064,90457.56634,0
755,68722,0.035309993,85.78675344,2.05986E-20
756,68722,0.454618946,17903.12841,0
757,68722,0.802587417,124393.2111,0
758,68722,0.340215385,8995.271263,0
759,68722,0.038983766,104.5950806,1.56024E-24
760,68722,0.835643008,159055.3605,0
761,68722,0.984455459,2159016.814,0
762,68722,0.545809608,29158.92838,0
763,68722,0.003528111,0.855407482,0.355030322
764,68722,0.940471883,526193.2647,0
765,68722,0.684972472,60741.858,0
766,68722,0.985413204,2304141.216,0
767,68722,0.151639511,1617.375696,0
768,68722,0.98579524,2367490.44,0
769,68722,0.434981737,16036.74924,0
770,68722,0.296812954,6638.969189,0
771,68722,0.281015437,5892.09279,0
772,68722,0.285548313,6100.719795,0
773,68722,0.802468649,124289.816,0
774,68722,0.733872825,80208.11316,0
775,68722,0.290730209,6344.779503,0
776,68722,0.068478956,323.771609,3.20259E-72
777,68722,0.174743205,2164.470626,0
778,68722,0.528873553,26685.6508,0
779,68722,0.5754043,34014.31576,0
780,68722,0.526544999,26361.23889,0
781,68722,0.532463982,27193.07197,0
782,68722,0.406233223,13581.90784,0
783,68722,0.361991484,10362.84472,0
784,68722,0.029407372,59.4800493,1.25193E-14
785,68722,0.387440985,12137.57191,0
786,68722,0.445470776,17013.27151,0
787,68722,0.018876267,24.49458893,7.46947E-07
788,68722,0.231694564,3898.323792,0
789,68722,0.202835732,2948.614063,0
790,68722,0.811054079,132103.3515,0
791,68722,0.493322739,22103.4633,0
792,68722,0.568112011,32749.36516,0
793,68722,0.876765004,228405.0027,0
794,68722,0.502274555,23186.02777,0
795,68722,0.749035488,87836.90081,0
796,68722,0.681002272,59432.55255,0
797,68722,0.593951122,37456.84997,0
798,68722,0.297289044,6662.350621,0
799,68722,0.123779513,1069.267036,9.7686E-233
800,68722,0.3067596,7138.384105,0
801,68722,0.713222045,71149.72915,0
802,68722,0.818384917,139367.2247,0
803,68722,0.788434692,112900.8109,0
804,68722,0.80733445,128631.5568,0
805,68722,0.399433554,13045.44486,0
806,68722,0.122011233,1038.476374,3.8123E-226
807,68722,0.064613147,288.0990704,1.74757E-64
808,68722,0.790889561,114781.0829,0
809,68722,0.34090718,9036.705956,0
810,68722,0.007689346,4.063382365,0.043826524
811,68722,0.187746593,2510.799003,0
812,68722,0.579795069,34799.28229,0
813,68722,0.98983921,3330174.403,0
814,68722,0.089015991,548.8759548,6.6024E-121
815,68722,0.253603918,4723.515858,0
816,68722,0.543449184,28801.79624,0
817,68722,0.488319583,21517.72937,0
818,68722,0.378667255,11503.10149,0
819,68722,0.204204297,2990.275094,0
820,68722,0.218507677,3445.589734,0
821,68722,0.965306561,939152.2536,0
822,68722,0.429462448,15540.91398,0
823,68722,0.451203897,17566.6675,0
824,68722,0.830407863,152655.5055,0
825,68722,0.955421989,719635.2557,0
826,68722,0.038896337,104.125745,1.97655E-24
827,68722,0.231403824,3887.993198,0
828,68722,0.149742077,1576.230563,0
829,68722,0.24552811,4408.481234,0
830,68722,0.403179852,13339.02163,0
831,68722,0.599805009,38615.76361,0
832,68722,0.943510631,557215.3929,0
833,68722,0.651712208,50736.70199,0
834,68722,0.337260652,8819.73792,0
835,68722,0.989942566,3364925.094,0
836,68722,0.64897722,50002.54375,0
837,68722,0.728775986,77840.28145,0
838,68722,0.964624945,920075.2536,0
839,68722,0.510840097,24265.19338,0
840,68722,0.900218263,293713.7252,0
841,68722,0.164188519,1903.869058,0
842,68722,0.289726331,6297.030591,0
843,68722,0.941612294,537456.6769,0
844,68722,0.477649991,20312.78709,0
845,68722,0.581739854,35152.74505,0
846,68722,0.937999785,503201.2435,0
847,68722,0.468977085,19375.73179,0
848,68722,0.816738388,137684.5443,0
849,68722,0.00293371,0.591454515,0.441859861
850,68722,0.104753931,762.4578296,6.4386E-167
851,68722,0.446742023,17134.75831,0
852,68722,0.696040731,64580.40888,0
853,68722,0.160221923,1810.595478,0
854,68722,0.574865161,33919.15769,0
855,68722,0.887205305,254111.0731,0
856,68722,0.472432341,19744.62445,0
857,68722,0.445583847,17024.04926,0
858,68722,0.285290048,6088.711839,0
859,68722,0.376301731,11336.19712,0
860,68722,0.521172537,25626.46303,0
861,68722,0.311621204,7390.966591,0
862,68722,0.154616211,1683.067896,0
863,68722,0.689864545,62403.29017,0
864,68722,0.408368937,13753.75062,0
865,68722,0.12534214,1096.868527,1.2128E-238
866,68722,0.050048045,172.5625574,2.27517E-39
867,68722,0.657930952,52452.18316,0
868,68722,0.570960713,33237.87248,0
869,68722,0.291972437,6404.178785,0
870,68722,0.359669126,10210.61243,0
871,68722,0.025316595,44.07295571,3.18706E-11
872,68722,0.376458457,11347.20143,0
873,68722,0.565805879,32359.08291,0
874,68722,0.675815982,57772.63002,0
875,68722,0.172665577,2111.734963,0
876,68722,0.234177563,3987.199638,0
877,68722,0.292066204,6408.6765,0
878,68722,0.86671091,207472.2469,0
879,68722,0.597495506,38154.17428,0
880,68722,0.940120813,522812.3282,0
881,68722,0.657518266,52336.3052,0
882,68722,0.655666516,51819.95604,0
883,68722,0.956218015,733642.1811,0
884,68722,0.640561798,47817.66811,0
885,68722,0.666053832,54794.41824,0
886,68722,0.31996536,7837.824038,0
887,68722,0.666363721,54886.1502,0
888,68722,0.01842485,23.33664968,1.36276E-06
889,68722,0.076648131,406.111475,4.69244E-90
890,68722,0.000725595,0.036180251,0.849144299
891,68722,0.116656457,948.0942117,8.8561E-207
892,68722,0.491453739,21883.06674,0
893,68722,0.552323018,30166.33664,0
894,68722,0.254894811,4775.075342,0
895,68722,0.225977934,3698.104869,0
896,68722,0.468116549,19284.75513,0
897,68722,0.001484844,0.151511636,0.697096156
898,68722,0.302015682,6897.318149,0
899,68722,0.751854383,89360.58658,0
900,68722,0.181013924,2327.960354,0
901,68722,0.065277197,294.076738,8.81993E-66
902,68722,0.271429304,5465.535276,0
903,68722,0.11394694,903.9913043,2.5522E-197
904,68722,0.64228728,48256.7735,0
905,68722,0.735997133,81222.76126,0
906,68722,0.525324772,26192.6851,0
907,68722,0.352877403,9774.303916,0
908,68722,0.445414125,17007.87371,0
909,68722,0.073203037,370.2327672,2.74454E-82
910,68722,0.708382725,69218.25637,0
911,68722,0.959267306,792365.6041,0
912,68722,0.493012551,22066.75313,0
913,68722,0.88468034,247465.6077,0
914,68722,0.792847094,116312.8631,0
915,68722,0.489518049,21656.80612,0
916,68722,0.635976271,46672.20091,0
917,68722,0.883146995,243570.694,0
918,68722,0.838730941,163026.89,0
919,68722,0.6424167,48289.88991,0
920,68722,0.802982271,124737.8629,0
921,68722,0.790016208,114107.0339,0
922,68722,0.520312287,25510.55548,0
923,68722,0.903280464,304587.0184,0
924,68722,0.354692135,9889.599427,0
925,68722,0.711218402,70341.91121,0
926,68722,0.698600405,65509.89875,0
927,68722,0.799702939,121917.2431,0
928,68722,0.976671568,1421543.549,0
929,68722,0.182976415,2380.469924,0
930,68722,0.096199336,641.8966457,5.76E-141
931,68722,0.134281031,1261.870768,6.7402E-274
932,68722,0.59636233,37929.78619,0
933,68722,0.823706626,145023.1401,0
934,68722,0.500307393,22944.24751,0
935,68722,0.928588827,430253.3374,0
936,68722,0.997465968,13507901.47,0
937,68722,0.301728603,6882.89928,0
938,68722,0.476033229,20135.28634,0
939,68722,0.017080335,20.05407453,7.5404E-06
940,68722,0.065482601,295.9383485,3.48012E-66
941,68722,0.871044927,216093.4563,0
942,68722,0.236678238,4077.889393,0
943,68722,0.181805949,2349.07477,0
944,68722,0.712930516,71031.46693,0
945,68722,0.193289354,2667.076444,0
946,68722,0.563317254,31943.02958,0
947,68722,0.948672215,618335.5265,0
948,68722,0.110838794,854.7422841,9.5075E-187
949,68722,0.231817375,3902.692317,0
950,68722,0.604568156,39586.20578,0
951,68722,0.566146358,32416.41586,0
952,68722,0.013133894,11.85618865,0.000575043
953,68722,0.466567549,19121.88523,0
954,68722,0.152235031,1630.406161,0
955,68722,0.928797898,431664.2294,0
956,68722,0.46858042,19333.75189,0
957,68722,0.592210655,37119.24941,0
958,68722,0.280583945,5872.467284,0
959,68722,0.647683369,49659.43116,0
960,68722,0.933675466,467107.9401,0
961,68722,0.196734204,2766.851914,0
962,68722,0.291873985,6399.458455,0
963,68722,0.106495622,788.3158805,1.7754E-172
964,68722,0.47996986,20569.78244,0
965,68722,0.712229209,70747.98883,0
966,68722,0.637863292,47139.8474,0
967,68722,0.214263402,3306.657824,0
968,68722,0.776493971,104353.3379,0
969,68722,0.724906048,76102.70799,0
970,68722,0.357780697,10087.97456,0
971,68722,0.471144836,19606.48952,0
972,68722,0.333345605,8590.711556,0
973,68722,0.675478183,57666.4381,0
974,68722,0.499197397,22808.7969,0
975,68722,0.218791495,3454.996765,0
976,68722,0.754503124,90824.93999,0
977,68722,0.732075202,79362.41696,0
978,68722,0.459109509,18353.48296,0
979,68722,0.381149776,11680.14296,0
980,68722,0.068159251,320.7414352,1.4536E-71
981,68722,0.746274932,86378.34159,0
982,68722,0.001352235,0.125657509,0.722978758
983,68722,0.12729663,1131.910544,3.8837E-246
984,68722,0.01391257,13.30399064,0.000265037
985,68722,0.562743092,31847.78463,0
986,68722,0.001670679,0.191809618,0.661416114
987,68722,0.092382204,591.5373513,4.1311E-130
988,68722,0.202336404,2933.495572,0
989,68722,0.785369782,110614.6063,0
990,68722,0.05485359,207.3967679,5.94715E-47
991,68722,0.623637152,43737.24087,0
992,68722,0.127653357,1138.368638,1.6161E-247
993,68722,0.188424941,2529.644403,0
994,68722,0.499078548,22794.33557,0
995,68722,0.777557452,105076.7468,0
996,68722,0.852250674,182386.4576,0
997,68722,0.571949519,33409.11453,0
998,68722,0.625832669,44244.35812,0
999,68722,0.182384948,2364.576488,0
1000,68722,0.436763312,16199.41336,0
1001,68722,0.709017666,69467.8868,0
1002,68722,0.204951623,3013.163558,0
1003,68722,0.310701516,7342.750491,0
1004,68722,0.866492659,207052.9837,0
1005,68722,0.540668591,28386.38316,0
1006,68722,0.836426787,160049.0913,0
1007,68722,0.20900891,3139.147043,0
1008,68722,0.662241795,53680.45848,0
1009,68722,0.717383425,72865.3293,0
1010,68722,0.54022125,28320.07971,0
1011,68722,0.171605786,2085.107445,0
1012,68722,0.595363131,37733.0595,0
1013,68722,0.478831136,20443.29376,0
1014,68722,0.876127312,226975.8865,0
1015,68722,0.773196193,102154.0137,0
1016,68722,0.348492687,9499.540513,0
1017,68722,0.399347148,13038.73064,0
1018,68722,0.626925713,44499.20732,0
1019,68722,0.961256042,835647.3425,0
1020,68722,0.323761253,8046.799484,0
1021,68722,0.071453454,352.6570833,1.75979E-78
1022,68722,0.58889658,36485.01208,0
1023,68722,0.512268205,24449.39204,0
1024,68722,0.197663902,2794.129859,0
1025,68722,0.218802815,3455.372277,0
1026,68722,0.123679596,1067.514667,2.3168E-232
1027,68722,0.75894676,93355.54215,0
1028,68722,0.728204589,77580.5225,0
1029,68722,0.357920701,10097.03144,0
1030,68722,0.108400144,817.1020614,1.156E-178
1031,68722,0.776558039,104396.7209,0
1032,68722,0.284626145,6057.911344,0
1033,68722,0.384609758,11930.14592,0
1034,68722,0.954996121,712345.2274,0
1035,68722,0.388148038,12189.77813,0
1036,68722,0.496756334,22513.37238,0
1037,68722,0.110086061,843.0302532,3.1133E-184
1038,68722,0.58434055,35631.0814,0
1039,68722,0.215864872,3358.697414,0
1040,68722,0.448309389,17285.49739,0
1041,68722,0.534878002,27539.23575,0
1042,68722,0.758318091,92991.74504,0
1043,68722,0.035246946,85.48029811,2.40469E-20
1044,68722,0.208329915,3117.860365,0
1045,68722,0.788205789,112727.7427,0
1046,68722,0.330071692,8402.264125,0
1047,68722,0.311270108,7372.535809,0
1048,68722,0.378436691,11486.75689,0
1049,68722,0.325707049,8155.325138,0
1050,68722,0.336337629,8765.378508,0
1051,68722,0.731147013,78930.30008,0
1052,68722,0.755905161,91613.21412,0
1053,68722,0.283245335,5994.161762,0
1054,68722,0.37874237,11508.42996,0
1055,68722,0.944755376,570909.0003,0
1056,68722,0.050558472,176.1094159,3.84074E-40
1057,68722,0.351672986,9698.295596,0
1058,68722,0.949531756,629728.9142,0
1059,68722,0.928532227,429872.7999,0
1060,68722,0.667365405,55183.89239,0
1061,68722,0.597585045,38171.96284,0
1062,68722,0.499177683,22806.39752,0
1063,68722,0.369536244,10868.34904,0
1064,68722,0.554602271,30526.64962,0
1065,68722,0.627708687,44682.74488,0
1066,68722,0.506557672,23720.22378,0
1067,68722,0.004104268,1.157608744,0.281965796
1068,68722,0.370286992,10919.5782,0
1069,68722,0.00079682,0.043631929,0.834540529
1070,68722,0.826061622,147637.6753,0
1071,68722,0.736973102,81694.56574,0
1072,68722,0.937693685,500481.3978,0
1073,68722,0.137374328,1321.808414,1.1058E-286
1074,68722,0.624510682,43938.24789,0
1075,68722,0.791507456,115261.4355,0
1076,68722,0.191486389,2615.667569,0
1077,68722,0.379162155,11538.24091,0
1078,68722,0.816912762,137861.2979,0
1079,68722,0.330242075,8412.003001,0
1080,68722,0.717998623,73123.39265,0
1081,68722,0.08677404,521.369087,5.7231E-115
1082,68722,0.742613556,84493.27376,0
1083,68722,0.822277604,143470.7524,0
1084,68722,0.647442094,49595.7426,0
1085,68722,0.983423267,2021388.325,0
1086,68722,0.410458751,13923.47385,0
1087,68722,0.332409604,8536.551076,0
1088,68722,0.719131924,73601.84529,0
1089,68722,0.248245445,4513.045041,0
1090,68722,0.634955937,46421.48035,0
1091,68722,0.160745333,1822.758729,0
1092,68722,0.668567482,55543.69387,0
1093,68722,0.886052324,251039.8588,0
1094,68722,0.70826764,69173.13075,0
1095,68722,0.410907752,13960.14383,0
1096,68722,0.280234878,5856.620358,0
1097,68722,0.409942148,13881.37251,0
1098,68722,0.475156094,20039.53411,0
1099,68722,0.507600819,23851.96112,0
1100,68722,0.172079553,2096.988226,0
1101,68722,0.622773179,43539.41283,0
1102,68722,0.382643724,11787.62161,0
1103,68722,0.344368135,9245.934356,0
1104,68722,0.760817712,94449.78322,0
1105,68722,0.833850126,156817.7763,0
1106,68722,0.352149085,9728.292567,0
1107,68722,0.381694475,11719.24811,0
1108,68722,0.007191847,3.554565052,0.059386084
1109,68722,0.110413336,848.1121485,2.5225E-185
1110,68722,0.91103956,335498.8388,0
1111,68722,0.262276312,5076.368353,0
1112,68722,0.854347387,185713.1965,0
